district,tehsil,area_sqkm,all_sex,male,female,transgender,sex_ratio,pop_density_sqkm,urban_proportion,avg_hhsize,population1998,pop_growth_avg_1998_2017
BANNU DISTRICT,BANNU TEHSIL,802,958103,485436,472643,24,102.71,1194.64,5.21,9.06,572957,2.74
BANNU DISTRICT,DOMEL TEHSIL,425,208968,107189,101779,,105.32,491.69,,10.98,102710,3.8
LAKKI MARWAT DISTRICT,LAKKI MARWAT TEHSIL,2541,578874,292614,286257,3,102.22,227.81,10.24,8.32,339934,2.84
LAKKI MARWAT DISTRICT,SARAI NAURANG TEHSIL,623,296870,149103,147766,1,100.9,476.52,10.1,9.609999999999999,150091,3.65
DERA ISMAIL KHAN DISTRICT,DARABAN TEHSIL,1540,124318,64533,59784,1,107.94,80.73,,8.220000000000001,73658,2.79
DERA ISMAIL KHAN DISTRICT,DERA ISMAIL KHAN TEHSIL,1167,725449,374787,350595,67,106.9,621.64,30.05,7.86,362790,3.71
DERA ISMAIL KHAN DISTRICT,KULACHI TEHSIL,1229,101892,52706,49184,2,107.16,82.91,24.29,8.16,67256,2.21
DERA ISMAIL KHAN DISTRICT,PAHARPUR TEHSIL,1657,381086,194708,186355,23,104.48,229.99,20.35,7.76,218589,2.96
DERA ISMAIL KHAN DISTRICT,PAROA TEHSIL,1733,292343,150951,141383,9,106.77,168.69,13.64,8.32,130702,4.32
TANK DISTRICT,TANK TEHSIL,1679,390626,200100,190499,27,105.04,232.65,12.05,8.85,238216,2.63
ABBOTTABAD DISTRICT,ABBOTTABAD TEHSIL,1438,982837,502980,479821,36,104.83,683.47,25,6,628766,2.37
ABBOTTABAD DISTRICT,HAVELIAN TEHSIL,529,350252,174877,175375,,99.72,662.1,13.79,6.34,251900,1.75
BATAGRAM DISTRICT,ALLAI TEHSIL,804,180502,90363,90127,12,100.26,224.5,,6.75,121652,2.09
BATAGRAM DISTRICT,BATAGRAM TEHSIL,497,296247,148039,148185,23,99.90000000000001,596.0700000000001,,6.97,185626,2.49
HARIPUR DISTRICT,GHAZI TEHSIL,595,144917,72137,72780,,99.12,243.56,,5.8,113049,1.31
HARIPUR DISTRICT,HARIPUR TEHSIL,1130,856598,426065,430486,47,98.97,758.05,15.54,6.12,579179,2.08
MANSEHRA DISTRICT,BALA KOT TEHSIL,2376,273257,135039,138200,18,97.70999999999999,115.01,,6,214630,1.28
MANSEHRA DISTRICT,MANSEHRA TEHSIL,1340,1017521,510187,507117,217,100.61,759.34,14.24,6.53,574975,3.04
MANSEHRA DISTRICT,OGHI TEHSIL,409,264964,126750,138192,22,91.72,647.83,,7.06,188552,1.8
TORGHAR DISTRICT,JUDBA TEHSIL,149,96888,49459,47419,10,104.3,650.26,,6.47,84628,.71
TORGHAR DISTRICT,KHANDER TEHSIL,305,74461,36600,37855,6,96.68000000000001,244.13,,6.51,90054,-.99
KOHISTAN DISTRICT,DASSU SUB-DIVISION,,223436,121177,102259,,118.5,,,8.279999999999999,137519,2.58
KOHISTAN DISTRICT,KANDIA SUB-DIVISION,,83850,45597,38245,8,119.22,,,7.74,47227,3.06
KOHISTAN DISTRICT,PALAS SUB-DIVISION,,274923,149104,125814,5,118.51,,,7.64,165613,2.7
KOHISTAN DISTRICT,PATTAN SUB-DIVISION,,202502,108765,93737,0,116.03,,,7.7,122211,2.69
HANGU DISTRICT,HANGU TEHSIL,669,270399,129825,140553,21,92.37,404.18,18.05,10.07,163117,2.69
HANGU DISTRICT,TALL TEHSIL,428,248412,119219,129179,14,92.29000000000001,580.4,21.62,10.53,151412,2.64
KARAK DISTRICT,BANDA DAUD SHAH TEHSIL,1465,155482,75250,80221,11,93.8,106.13,,9.029999999999999,98626,2.42
KARAK DISTRICT,KARAK TEHSIL,1299,292829,143957,148851,21,96.70999999999999,225.43,17.45,9.17,175758,2.72
KARAK DISTRICT,TAKHT-E-NASRATI TEHSIL,607,257051,129108,127932,11,100.92,423.48,,9.869999999999999,156412,2.64
KOHAT DISTRICT,KOHAT TEHSIL,1414,848997,424432,424465,100,99.98999999999999,600.42,26.92,8.15,470648,3.15
KOHAT DISTRICT,LACHI TEHSIL,1131,143430,71350,72074,6,99,126.82,28.84,7.26,91996,2.36
MARDAN DISTRICT,KATLANG TEHSIL,422,343225,171021,172202,2,99.31,813.33,,8.140000000000001,221546,2.33
MARDAN DISTRICT,MARDAN TEHSIL,857,1403002,709607,693339,56,102.35,1637.11,25.59,7.82,864017,2.58
MARDAN DISTRICT,TAKHT BHAI TEHSIL,353,627172,320494,306674,4,104.51,1776.69,12.95,6.82,374537,2.75
SWABI DISTRICT,LAHOR TEHSIL,318,305782,154603,151162,17,102.28,961.58,13.51,7.71,187558,2.6
SWABI DISTRICT,RAZAR TEHSIL,418,584876,290746,294111,19,98.86,1399.22,4.48,7.64,376106,2.35
SWABI DISTRICT,SWABI TEHSIL,389,406321,199677,206612,32,96.64,1044.53,38.25,7.65,258006,2.41
SWABI DISTRICT,TOPI TEHSIL,418,328498,170802,157665,31,108.33,785.88,16.14,7.17,205134,2.5
CHARSADDA DISTRICT,CHARSADDA TEHSIL,445,804843,410974,393865,4,104.34,1808.64,18.12,7.3,527152,2.25
CHARSADDA DISTRICT,SHABQADAR TEHSIL,204,379952,191741,188210,1,101.88,1862.51,24.08,7.54,240751,2.43
CHARSADDA DISTRICT,TANGI TEHSIL,347,426165,214936,211223,6,101.76,1228.14,7.72,7.1,254461,2.75
NOWSHERA DISTRICT,JEHANGIRA TEHSIL,718,353764,179262,174464,38,102.75,492.71,24.34,7.74,208704,2.81
NOWSHERA DISTRICT,NOWSHERA TEHSIL,679,728815,383065,345678,72,110.82,1073.37,27.17,7.4,419549,2.94
NOWSHERA DISTRICT,PABBI TEHSIL,351,438416,220708,217692,16,101.39,1249.05,12.63,7.55,246120,3.08
PESHAWAR DISTRICT,PESHAWAR TEHSIL,1257,4267198,2198005,2068568,625,106.26,3394.75,46.16,8.369999999999999,2026851,3.99
BUNER DISTRICT,DAGGAR TEHSIL,762,354809,176595,178195,19,99.09999999999999,465.63,,10.12,197120,3.14
BUNER DISTRICT,GAGRA TEHSIL,435,269971,134468,135495,8,99.23999999999999,620.62,,9.59,151877,3.07
BUNER DISTRICT,KHADO KHEL TEHSIL,343,118072,58013,60056,3,96.59999999999999,344.23,,8.16,69812,2.8
BUNER DISTRICT,MANDANR TEHSIL,325,152608,76796,75809,3,101.3,469.56,,8.52,87239,2.98
CHITRAL DISTRICT,CHITRAL SUB-DIVISION,6458,278328,143676,134637,15,106.71,43.1,17.89,7.1,184874,2.17
CHITRAL DISTRICT,MASTUJ SUB-DIVISION,8392,169297,81993,87297,7,93.92,20.17,,7.45,133815,1.24
SHANGLA DISTRICT,ALPURI TEHSIL,1105,508361,257321,251029,11,102.51,460.06,,8.220000000000001,297718,2.85
SHANGLA DISTRICT,BISHAM TEHSIL,184,105950,54440,51505,5,105.7,575.8200000000001,,8.41,57739,3.24
SHANGLA DISTRICT,PURAN TEHSIL,297,145298,74321,70974,3,104.72,489.22,0,9.380000000000001,79106,3.25
SWAT DISTRICT,BABUZAI TEHSIL,297,599324,309706,289557,61,106.96,2017.93,55.29,8.08,321995,3.32
SWAT DISTRICT,BARIKOT TEHSIL,419,183777,93073,90697,7,102.62,438.61,51.16,8.050000000000001,99975,3.25
SWAT DISTRICT,BEHRAIN TEHSIL,2899,248422,127882,120520,20,106.11,85.69,24.91,8.26,125247,3.66
SWAT DISTRICT,CHARBAGH TEHSIL,161,126001,64909,61086,6,106.26,782.61,,8.18,73682,2.86
SWAT DISTRICT,KABAL TEHSIL,485,420001,208981,211007,13,99.04000000000001,865.98,28.09,8.710000000000001,244142,2.89
SWAT DISTRICT,KHAWAZAKHELA TEHSIL,392,265500,136046,129450,4,105.1,677.3,18.09,8.27,141193,3.37
SWAT DISTRICT,MATTA TEHSIL,684,465599,231350,234227,22,98.77,680.7,9.140000000000001,8.800000000000001,251368,3.29
LOWER DIR DISTRICT,ADENZAI SUB-DIVISION,372,317526,160421,157093,12,102.12,853.5599999999999,,8.51,168830,3.37
LOWER DIR DISTRICT,LAL QILA SUB-DIVISION,216,219567,102554,117009,4,87.65000000000001,1016.51,,8.789999999999999,129305,2.82
LOWER DIR DISTRICT,SAMARBAGH SUB-DIVISION,419,378004,190905,187088,11,102.04,902.16,,10.17,190072,3.68
LOWER DIR DISTRICT,TEMERGARA SUB-DIVISION,576,520985,255949,265013,23,96.58,904.49,7.74,9.119999999999999,290849,3.11
UPPER DIR DISTRICT,DIR SUB-DIVISION,2051,439525,218086,221423,16,98.48999999999999,214.3,10.03,7.93,235324,3.34
UPPER DIR DISTRICT,SHARINGAL SUB-DIVISION,1140,185121,91723,93392,6,98.20999999999999,162.39,,7.47,104058,3.07
UPPER DIR DISTRICT,WARI SUB-DIVISION,508,322755,156785,165951,19,94.48,635.34,,8.01,175069,3.27
MALAKAND PROTECTED AREA,SAM RANI ZAI SUB-DIVISION,280,303644,152141,151491,12,100.43,1084.44,,7.88,191996,2.44
MALAKAND PROTECTED AREA,SWAT RANI ZAI SUB-DIVISION,672,414162,208299,205842,21,101.19,616.3099999999999,16.34,7.83,260295,2.47
KHYBER AGENCY,BARA TEHSIL,1430,443449,224995,218433,21,103,310.1,,8.279999999999999,286184,2.33
KHYBER AGENCY,JAMRUD TEHSIL,311,227557,116635,110894,28,105.18,731.6900000000001,28.01,8.31,96188,4.63
KHYBER AGENCY,LANDI KOTAL TEHSIL,679,273052,141939,131088,25,108.28,402.14,12.35,8.91,144714,3.39
KHYBER AGENCY,MULLA GORI TEHSIL,156,40188,20933,19254,1,108.72,257.62,,9.41,19644,3.83
KURRAM AGENCY,CENTRAL KURRAM F.R,1470,229007,115335,113658,14,101.48,155.79,,8.140000000000001,181416,1.23
KURRAM AGENCY,LOWER KURRAM TEHSIL,940,133929,66691,67221,17,99.20999999999999,142.48,24.3,9.15,81323,2.66
KURRAM AGENCY,UPPER KURRAM TEHSIL,970,252436,124909,127514,13,97.95999999999999,260.24,2.18,9.32,185571,1.63
MOHMAND AGENCY,AMBAR UTMAN KHEL TEHSIL,273,61951,31413,30538,,102.87,226.93,,8.960000000000001,30728,3.75
MOHMAND AGENCY,HALIM ZAI TEHSIL,211,78705,40530,38163,12,106.2,373.01,,8.81,48418,2.59
MOHMAND AGENCY,PINDIALI TEHSIL,454,89711,45952,43752,7,105.03,197.6,,9.69,51276,2.98
MOHMAND AGENCY,PRANG GHAR TEHSIL,257,36569,18288,18281,,100.04,142.29,,8.210000000000001,18620,3.61
MOHMAND AGENCY,SAFI TEHSIL,322,98501,50353,48142,6,104.59,305.9,,11.04,71503,1.7
MOHMAND AGENCY,UPPER MOHMAND TEHSIL,513,51154,25723,25424,7,101.18,99.72,,8.869999999999999,80177,-2.33
MOHMAND AGENCY,YAKE GHUND TEHSIL,266,57754,29290,28455,9,102.93,217.12,,9.1,33731,2.87
NORTH WAZIRISTAN AGENCY,DATTA KHEL TEHSIL,1807,75003,37377,37619,7,99.36,41.51,,8.470000000000001,110006,-1.99
NORTH WAZIRISTAN AGENCY,DOSSALI TEHSIL,250,39945,20770,19173,2,108.33,159.78,,9.33,20482,3.57
NORTH WAZIRISTAN AGENCY,GHARYUM TEHSIL,320,11811,6339,5467,5,115.95,36.91,,6.85,3917,5.97
NORTH WAZIRISTAN AGENCY,GHULAM KHAN TEHSIL,191,27015,14228,12786,1,111.28,141.44,,7.56,13251,3.81
NORTH WAZIRISTAN AGENCY,MIR ALI TEHSIL,605,184986,94496,90481,9,104.44,305.76,,7.7,93855,3.63
NORTH WAZIRISTAN AGENCY,MIRAN SHAH TEHSIL,402,100644,51870,48772,2,106.35,250.36,4.34,9.16,67530,2.12
NORTH WAZIRISTAN AGENCY,RAZMAK TEHSIL,191,15681,8229,7451,1,110.44,82.09999999999999,,6.91,5729,5.43
NORTH WAZIRISTAN AGENCY,SHEWA TEHSIL,393,39290,19997,19290,3,103.67,99.97,,9.59,22956,2.86
NORTH WAZIRISTAN AGENCY,SPINWAM TEHSIL,548,46171,24443,21725,3,112.51,84.25,,12.43,23520,3.61
ORAKZAI AGENCY,CENTRAL TEHSIL,399,59132,29440,29691,1,99.15000000000001,148.2,,8.91,47122,1.2
ORAKZAI AGENCY,ISMAIL ZAI TEHSIL,275,23963,12058,11905,,101.29,87.14,,8.279999999999999,28843,-.97
ORAKZAI AGENCY,LOWER TEHSIL,565,107323,53767,53550,6,100.41,189.95,,8.16,65416,2.63
ORAKZAI AGENCY,UPPER TEHSIL,299,63885,32299,31582,4,102.27,213.66,,7.04,84060,-1.43
SOUTH WAZIRISTAN A,BIRMIL TEHSIL,923,104282,54323,49948,11,108.76,112.98,,9.44,58512,3.08
SOUTH WAZIRISTAN A,LADHA TEHSIL,466,110842,57755,53080,7,108.81,237.86,,6.36,72278,2.27
SOUTH WAZIRISTAN A,MAKIN TEHSIL,404,58646,30906,27738,2,111.42,145.16,,6.35,30528,3.49
SOUTH WAZIRISTAN A,SARAROGHA TEHSIL,813,98180,51479,46694,7,110.25,120.76,,7.57,72063,1.64
SOUTH WAZIRISTAN A,SERWEKAI TEHSIL,398,54540,28695,25844,1,111.03,137.04,,7.2,31472,2.93
SOUTH WAZIRISTAN A,TIARZA TEHSIL,734,45156,23649,21507,,109.96,61.52,,7.99,37708,.95
SOUTH WAZIRISTAN A,TOI KHULLA TEHSIL,567,50413,27462,22947,4,119.68,88.91,,9.34,36508,1.71
SOUTH WAZIRISTAN A,WANA TEHSIL,2315,153156,81342,71796,18,113.3,66.16,,10.19,90772,2.79
BAJAUR AGENCY,BAR CHAMER KAND TEHSIL,13,2868,1447,1420,1,101.9,220.62,,8.43,3247,-.65
BAJAUR AGENCY,BARANG TEHSIL,159,76493,38312,38179,2,100.35,481.09,,7.2,50139,2.24
BAJAUR AGENCY,KHAR BAJAUR TEHSIL,238,246875,126965,119894,16,105.9,1037.29,,8.85,116196,4.04
BAJAUR AGENCY,MAMUND TEHSIL,250,311373,159978,151380,15,105.68,1245.49,,8.66,168283,3.29
BAJAUR AGENCY,NAWAGAI TEHSIL,216,78494,40578,37910,6,107.04,363.4,,10.03,57264,1.67
BAJAUR AGENCY,SALARZAI TEHSIL,220,267636,134539,133083,14,101.09,1216.53,,9.119999999999999,141750,3.4
BAJAUR AGENCY,UTMAN KHEL TEHSIL,194,107248,54217,53029,2,102.24,552.8200000000001,,9.710000000000001,58348,3.25
FR BANNU,TRIBAL AREA ADJ. BANNU DISTRICT,745,43112,22286,20826,,107.01,57.87,,9.74,19593,4.23
FR D.I.KHAN,TRIBAL AREA ADJ. DERA ISMAIL KHAN DISTRICT,2008,68506,35356,33146,4,106.67,34.12,,9.56,38990,3.01
FR KOHAT,TRIBAL AREA ADJ. KOHAT DISTRICT,446,118839,59983,58851,5,101.92,266.46,,8.09,88456,1.56
FR LAKKI MARWAT,TRIBAL AREA ADJ. LAKKI MARWAT DISTRICT,132,26394,13685,12709,,107.68,199.95,,7.84,6987,7.23
FR PESHAWAR,TRIBAL AREA ADJ. PESHAWAR DISTRICT,261,64761,31676,33081,4,95.75,248.13,,8.98,53841,.97
FR TANK,TRIBAL AREA ADJ. TANK DISTRICT,1221,36418,18783,17632,3,106.53,29.83,,8.43,27216,1.54
ATTOCK DISTRICT,ATTOCK TEHSIL,1002,435203,224394,210776,33,106.46,434.33,48.83,6.15,261829,2.71
ATTOCK DISTRICT,FATEH JANG TEHSIL,1249,326433,162656,163751,26,99.33,261.36,20.37,6.26,214256,2.24
ATTOCK DISTRICT,HASAN ABDAL TEHSIL,350,217109,110047,107056,6,102.79,620.3099999999999,29.12,6.63,135856,2.49
ATTOCK DISTRICT,HAZRO TEHSIL,348,340189,168015,172142,32,97.59999999999999,977.55,16.26,6.33,238941,1.87
ATTOCK DISTRICT,JAND TEHSIL,2043,295513,140819,154674,20,91.04000000000001,144.65,16.31,5.52,228349,1.36
ATTOCK DISTRICT,PINDI GHEB TEHSIL,1865,271931,132719,139198,14,95.34999999999999,145.81,16.62,5.83,195704,1.74
CHAKWAL DISTRICT,CHAKWAL TEHSIL,2167,656527,315097,341357,73,92.31,302.9659,21.05229,5.6,475500,1.71
CHAKWAL DISTRICT,CHOA SAIDAN SHAH TEHSIL,473,141942,69884,72050,8,96.98999999999999,300.0888,15.90368,5.63,105256,1.58
CHAKWAL DISTRICT,KALLAR KAHAR TEHSIL,953,169238,83823,85405,10,98.15000000000001,177.5845,25.49191,5.29,122548,1.71
CHAKWAL DISTRICT,LAWA TEHSIL,910,125770,60304,65460,6,92.12,138.2088,12.39962,5.54,95626,1.45
CHAKWAL DISTRICT,TALA GANG TEHSIL,2022,401986,194070,207894,22,93.34999999999999,198.8061,15.9416,5.56,284795,1.83
JHELUM DISTRICT,DINA TEHSIL,678,238465,118898,119540,27,99.45999999999999,351.72,30.71,6,183373,1.39
JHELUM DISTRICT,JHELUM TEHSIL,586,445232,221442,223729,61,98.98,759.78,42.78,5.88,333569,1.53
JHELUM DISTRICT,PIND DADAN KHAN TEHSIL,1176,336841,164411,172404,26,95.36,286.43,19.12,5.83,263615,1.3
JHELUM DISTRICT,SOHAWA TEHSIL,1147,201865,96655,105189,21,91.89,175.99,12.97,5.83,156400,1.35
RAWALPINDI DISTRICT,GUJAR KHAN TEHSIL,1457,678062,326998,350983,81,93.17,465.38,16.52,6.1,494010,1.68
RAWALPINDI DISTRICT,KAHUTA TEHSIL,637,220746,108003,112733,10,95.8,346.54,27.46,5.83,153719,1.92
RAWALPINDI DISTRICT,KALLAR SAYADDAN TEHSIL,459,217061,103736,113304,21,91.56,472.9,24.99,6.03,158120,1.68
RAWALPINDI DISTRICT,KOTLI SATTIAN TEHSIL,304,119295,60300,58980,15,102.24,392.42,18.78,4.93,82711,1.94
RAWALPINDI DISTRICT,MURREE TEHSIL,434,233017,119517,113476,24,105.32,536.91,67.40000000000001,5.62,176599,1.47
RAWALPINDI DISTRICT,RAWALPINDI TEHSIL,1682,3256641,1672017,1583769,855,105.57,1936.17,64.42,6.06,1927612,2.79
RAWALPINDI DISTRICT,TAXILA TEHSIL,312,677558,345609,331844,105,104.15,2171.66,74.02,6.1,371140,3.21
BHAKKAR DISTRICT,BHAKKAR TEHSIL,2427,683939,349665,334234,40,104.62,281.8,16.49,6.31,424488,2.54
BHAKKAR DISTRICT,DARYA KHAN TEHSIL,1719,360427,185169,175223,35,105.68,209.67,22.31,5.87,233410,2.31
BHAKKAR DISTRICT,KALUR KOT TEHSIL,2239,346591,176979,169570,42,104.37,154.8,15.08,6.2,223676,2.33
BHAKKAR DISTRICT,MANKERA TEHSIL,1768,256895,131243,125642,10,104.46,145.3,5.51,5.88,169882,2.2
KHUSHAB DISTRICT,KHUSHAB TEHSIL,2115,690157,344824,345277,56,99.87,326.32,43.18,6.1,480109,1.92
KHUSHAB DISTRICT,NOORPUR TEHSIL,2500,242831,121900,120903,28,100.82,97.13,8.15,5.9,174683,1.75
KHUSHAB DISTRICT,NOWSHERA TEHSIL,816,117356,56179,61170,7,91.84,143.82,11.72,5.74,87922,1.53
KHUSHAB DISTRICT,QUAIDABAD TEHSIL,1080,230028,114571,115441,16,99.25,212.99,9.31,6.28,162997,1.83
SARGODHA DISTRICT,BHALWAL TEHSIL,663,356206,179025,177148,33,101.06,537.26,34.24,5.57,254732,1.78
SARGODHA DISTRICT,BHERA TEHSIL,504,314369,156593,157746,30,99.27,623.75,19.07,5.89,226365,1.74
SARGODHA DISTRICT,KOT MOMIN TEHSIL,948,451978,230247,221680,51,103.86,476.77,14.49,6.41,338790,1.53
SARGODHA DISTRICT,SAHIWAL TEHSIL,829,340695,170966,169703,26,100.74,410.97,22.37,6.32,247605,1.69
SARGODHA DISTRICT,SARGODHA TEHSIL,1536,1535152,779503,755423,226,103.19,999.45,42.88,6.23,1081459,1.86
SARGODHA DISTRICT,SHAHPUR TEHSIL,769,353325,177319,175990,16,100.76,459.46,19.43,5.95,262747,1.57
SARGODHA DISTRICT,SILLANWALI TEHSIL,607,344487,174071,170384,32,102.16,567.52,10.95,6.63,254281,1.61
MIANWALI DISTRICT,ISAKHEL TEHSIL,1863,374194,183377,190792,25,96.11,200.86,22.6,6.77,256497,2
MIANWALI DISTRICT,MIANWALI TEHSIL,2689,766357,384784,381507,66,100.86,285,19.24,6.22,532156,1.93
MIANWALI DISTRICT,PIPLAN TEHSIL,1288,402050,203808,198203,39,102.83,312.15,23.84,6.45,267967,2.15
GUJRANWALA DISTRICT,GUJRANWALA CITY TEHSIL,131,259764,131374,128365,25,102.34,1982.93,71.55,6.68,115122,4.37
GUJRANWALA DISTRICT,GUJRANWALA SADDAR TEHSIL,783,2806529,1426685,1379480,364,103.42,3584.33,77.15000000000001,6.57,1812137,2.32
GUJRANWALA DISTRICT,KAMOKE TEHSIL,834,579690,294210,285392,88,103.09,695.0700000000001,42.92,6.95,405366,1.9
GUJRANWALA DISTRICT,NOWSHERA VIRKAN TEHSIL,678,534811,268389,266373,49,100.76,788.8099999999999,9.23,7.04,424082,1.23
GUJRANWALA DISTRICT,WAZIRABAD TEHSIL,1196,830272,408332,421847,93,96.8,694.21,36.1,6.39,644233,1.34
GUJRAT DISTRICT,GUJRAT TEHSIL,1463,1497706,726071,771507,128,94.11,1023.72,36.24,6.23,1093088,1.67
GUJRAT DISTRICT,KHARIAN TEHSIL,1154,1011262,490199,520990,73,94.09,876.3099999999999,22.74,6.21,779632,1.38
GUJRAT DISTRICT,SARAI ALAMGIR TEHSIL,575,247321,118505,128798,18,92.01000000000001,430.12,22.18,5.97,175288,1.82
HAFIZABAD DISTRICT,HAFIZABAD TEHSIL,1189,663916,333591,330271,54,101.01,558.38,39.74,6.65,485187,1.66
HAFIZABAD DISTRICT,PINDI BHATTIAN TEHSIL,1178,493038,251077,241917,44,103.79,418.54,28.16,6.47,347793,1.85
MANDI BAHAUDDIN DISTRICT,MALAKWAL TEHSIL,759,372171,181717,190411,43,95.43000000000001,490.34,11.67,6.18,281710,1.47
MANDI BAHAUDDIN DISTRICT,MANDI BAHAUDDIN TEHSIL,759,668538,323903,344546,89,94.01000000000001,880.8099999999999,32.49,6.31,478946,1.77
MANDI BAHAUDDIN DISTRICT,PHALIA TEHSIL,1155,553330,270168,283099,63,95.43000000000001,479.07,11.87,6.29,399896,1.72
NAROWAL DISTRICT,NAROWAL TEHSIL,1065,596539,298248,298230,61,100.01,560.13,22.75,7.04,425879,1.79
NAROWAL DISTRICT,SHAKARGARH TEHSIL,835,672030,327438,344536,56,95.04000000000001,804.83,12.15,7.06,520855,1.35
NAROWAL DISTRICT,ZAFARWAL TEHSIL,437,439006,214248,224706,52,95.34999999999999,1004.59,8.960000000000001,7.11,318363,1.7
SIALKOT DISTRICT,DASKA TEHSIL,690,847117,417975,429042,100,97.42,1227.71,24.08,6.87,605435,1.78
SIALKOT DISTRICT,PASRUR TEHSIL,975,840847,412062,428685,100,96.12,862.41,14.48,6.95,611871,1.68
SIALKOT DISTRICT,SAMBRIAL TEHSIL,450,410823,198261,212509,53,93.3,912.9400000000001,33.58,6.58,298431,1.69
SIALKOT DISTRICT,SIALKOT TEHSIL,901,1796151,892991,902914,246,98.90000000000001,1993.51,37.91,6.54,1207744,2.11
LAHORE DISTRICT,LAHORE CANTT TEHSIL,466,1632702,857133,775333,236,110.55,3503.65,100,6.17,918730,3.07
LAHORE DISTRICT,LAHORE CITY TEHSIL,214,3653616,1905921,1746900,795,109.1,17072.97,100,6.25,2219399,2.65
LAHORE DISTRICT,MODEL TOWN TEHSIL,353,2703569,1421291,1281762,516,110.89,7658.84,100,6.11,1409228,3.48
LAHORE DISTRICT,RAIWIND TEHSIL,467,848541,448403,400031,107,112.09,1817,100,6.34,357934,4.64
LAHORE DISTRICT,SHALIMAR TEHSIL,272,2281557,1181239,1099956,362,107.39,8388.08,100,6.35,1434823,2.47
KASUR DISTRICT,CHUNIAN TEHSIL,1212,826323,426240,400033,50,106.55,681.78,19.69,6.47,584567,1.83
KASUR DISTRICT,KASUR TEHSIL,1493,1333583,690890,642601,92,107.51,893.22,36.64,6.59,902792,2.07
KASUR DISTRICT,KOT RADHA KISHAN TEHSIL,398,360523,186871,173628,24,107.63,905.84,16.34,6.76,232911,2.32
KASUR DISTRICT,PATTOKI TEHSIL,892,934452,484616,449782,54,107.74,1047.59,19.33,6.58,634236,2.06
NANKANA SAHIB DISTRIC,NANKANA SAHIB TEHSIL,1662,884006,452096,431819,91,104.7,531.89,12.46,6.22,683963,1.36
NANKANA SAHIB DISTRIC,SANGLA HILL TEHSIL,223,227604,114366,113212,26,101.02,1020.65,27.02,6.42,188020,1.01
NANKANA SAHIB DISTRIC,SHAH KOT TEHSIL,331,243376,123812,119527,37,103.58,735.27,30.2,6.22,172882,1.81
SHEIKHUPURA DISTRICT,FEROZEWALA TEHSIL,511,794489,412579,381815,95,108.06,1554.77,35.78,6.62,396069,3.72
SHEIKHUPURA DISTRICT,MURIDKE TEHSIL,1028,639589,328326,311226,37,105.49,622.17,33.28,6.75,452369,1.84
SHEIKHUPURA DISTRICT,SAFDARABAD TEHSIL,461,272807,138206,134563,38,102.71,591.77,19.81,6.57,227715,.95
SHEIKHUPURA DISTRICT,SHARAK PUR TEHSIL,375,197459,101077,96370,12,104.88,526.5599999999999,21.21,6.65,150747,1.43
SHEIKHUPURA DISTRICT,SHEIKHUPURA TEHSIL,1369,1555660,806195,749268,197,107.6,1136.35,39.11,6.56,1049264,2.09
FAISALABAD DISTRICT,CHAK JHUMRA TEHSIL,654,332966,167673,165259,34,101.46,509.12,14.65,6.5,253806,1.44
FAISALABAD DISTRICT,FAISALABAD CITY TEHSIL,168,3244259,1669218,1574667,374,106,19311.07,98.95,6.3,2140346,2.21
FAISALABAD DISTRICT,FAISALABAD SADAR TEHSIL,1186,1465027,750889,713993,145,105.17,1235.27,2.72,6.54,924110,2.45
FAISALABAD DISTRICT,JARANWALA TEHSIL,1811,1493923,767809,725957,157,105.77,824.92,15.17,6.53,1061846,1.81
FAISALABAD DISTRICT,SAMMUNDRI TEHSIL,754,643114,324328,318721,65,101.76,852.9400000000001,24.4,6.51,508637,1.24
FAISALABAD DISTRICT,TANDLIAN WALA TEHSIL,1284,703155,359015,344087,53,104.34,547.63,12.02,6.46,540802,1.39
CHINIOT DISTRICT,BHAWANA TEHSIL,879,373841,190789,183012,40,104.25,425.3,9.119999999999999,6.27,272754,1.67
CHINIOT DISTRICT,CHINIOT TEHSIL,709,555796,285756,269986,54,105.84,783.92,50.11,6.45,382876,1.98
CHINIOT DISTRICT,LALIAN TEHSIL,1055,439022,223061,215916,45,103.31,416.13,24.97,5.88,309494,1.85
JHANG DISTRICT,18-HAZARI TEHSIL,1566,295714,149692,146000,22,102.53,188.83,9.32,6.13,200036,2.07
JHANG DISTRICT,AHMADPUR SIAL TEHSIL,851,433534,219496,214001,37,102.57,509.44,15.6,6.66,296465,2.02
JHANG DISTRICT,JHANG TEHSIL,2591,1464818,747381,717280,157,104.2,565.35,29.32,6.24,999130,2.03
JHANG DISTRICT,SHORKOT TEHSIL,1158,548567,278359,270163,45,103.03,473.72,13.45,6.52,373790,2.04
TOBA TEK SINGH DISTRICT,GOJRA TEHSIL,851,657222,329446,327690,86,100.54,772.29,26.6,6.53,495096,1.5
TOBA TEK SINGH DISTRICT,KAMALIA TEHSIL,486,372010,187494,184466,50,101.64,765.45,36.47,6.55,283674,1.43
TOBA TEK SINGH DISTRICT,PIRMAHAL TEHSIL,774,422246,212466,209733,47,101.3,545.54,10.47,6.43,288592,2.02
TOBA TEK SINGH DISTRICT,TOBA TEK SINGH TEHSIL,1141,740017,370959,368990,68,100.53,648.5700000000001,11.79,6.26,554231,1.53
SAHIWAL DISTRICT,CHICHAWATNI TEHSIL,1591,1024180,515467,508596,117,101.35,643.73,9.25,6.34,787062,1.39
SAHIWAL DISTRICT,SAHIWAL TEHSIL,1610,1488831,761179,727523,129,104.63,924.74,28.27,6.37,1056132,1.82
OKARA DISTRICT,DEPALPUR TEHSIL,2502,1375785,706111,669560,114,105.46,549.87,24.9,6.09,1030836,1.53
OKARA DISTRICT,OKARA TEHSIL,1241,1206319,624928,581263,128,107.51,972.05,36.96,6.37,862364,1.78
OKARA DISTRICT,RENALA KHURD TEHSIL,634,458722,233431,225248,43,103.63,723.54,11.81,5.86,339792,1.59
PAKPATTAN DISTRICT,ARIF WALA TEHSIL,1241,855029,433582,421340,107,102.91,688.98,13.13,5.9,603096,1.85
PAKPATTAN DISTRICT,PAKPATTAN TEHSIL,1483,969199,494528,474559,112,104.21,653.54,18.23,6.02,683584,1.85
BAHAWALNAGAR DISTRICT,BAHAWALNAGAR TEHSIL,1729,813390,415255,398046,89,104.32,470.44,23.83,6.08,541553,2.16
BAHAWALNAGAR DISTRICT,CHISHTIAN TEHSIL,1500,689766,349334,340351,81,102.64,459.84,21.66,6.12,498270,1.72
BAHAWALNAGAR DISTRICT,FORT ABBAS TEHSIL,2536,422768,214015,208691,62,102.55,166.71,14.55,6.27,285596,2.08
BAHAWALNAGAR DISTRICT,HAROONABAD TEHSIL,1295,524715,263623,261044,48,100.99,405.19,27.18,6.12,381767,1.68
BAHAWALNAGAR DISTRICT,MINCHINABAD TEHSIL,1818,525017,268200,256768,49,104.45,288.79,13.77,6.3,354261,2.09
BAHAWALPUR DISTRICT,AHMADPUR EAST TEHSIL,1738,1078586,551528,526970,88,104.66,620.59,16.33,6.49,718297,2.16
BAHAWALPUR DISTRICT,BAHAWALPUR CITY TEHSIL,1490,682116,350186,331842,88,105.53,457.8,100,5.91,419542,2.59
BAHAWALPUR DISTRICT,BAHAWALPUR SADDAR TEHSIL,745,575886,301550,274273,63,109.95,773,18.74,6.27,387038,2.11
BAHAWALPUR DISTRICT,HASILPUR TEHSIL,1490,456360,228860,227473,27,100.61,306.28,25.33,6.05,317513,1.92
BAHAWALPUR DISTRICT,KHAIRPUR TAMEWALI TEHSIL,993,262923,133933,128983,7,103.84,264.78,15.78,6.14,183903,1.9
BAHAWALPUR DISTRICT,YAZMAN TEHSIL,18374,613305,313645,299607,53,104.69,33.38,7.97,6.39,406798,2.18
RAHIM YAR KHAN DISTRICT,KHANPUR TEHSIL,3190,982085,500670,481300,115,104.02,307.86,23.71,6.89,683865,1.92
RAHIM YAR KHAN DISTRICT,LIAQUATPUR TEHSIL,3262,1033906,526980,506794,132,103.98,316.95,5.02,6.89,698985,2.08
RAHIM YAR KHAN DISTRICT,RAHIM YAR KHAN TEHSIL,2464,1530183,784275,745707,201,105.17,621.02,31.67,6.56,985655,2.34
RAHIM YAR KHAN DISTRICT,SADIQABAD TEHSIL,2964,1261588,649855,611612,121,106.25,425.64,20.74,6.86,772548,2.61
DERA GHAZI KHAN DISTRICT,DE-EXCLUDED AREA D.G KHAN TEHSIL,5339,212652,109429,103213,10,106.02,39.83,0,7.35,126198,2.78
DERA GHAZI KHAN DISTRICT,DERA GHAZI KHAN TEHSIL,2012,1224964,611983,612899,82,99.84999999999999,608.83,32.44,8.5,712930,2.88
DERA GHAZI KHAN DISTRICT,KOT CHHUTTA TEHSIL,1802,757230,379475,377704,51,100.47,420.22,6.82,8.880000000000001,438306,2.91
DERA GHAZI KHAN DISTRICT,TAUNSA TEHSIL,2769,677785,350440,327311,34,107.07,244.78,14.34,7.23,365684,3.29
RAJANPUR DISTRICT,DE-EXCLUDED AREA RAJANPUR,5013,34191,18280,15909,2,114.9,6.82,,6.56,14051,4.78
RAJANPUR DISTRICT,JAMPUR TEHSIL,2322,849389,433764,415556,69,104.38,365.8,12.96,7.67,485051,2.99
RAJANPUR DISTRICT,RAJANPUR TEHSIL,2078,706770,364183,342489,98,106.33,340.12,30.09,7.48,395953,3.09
RAJANPUR DISTRICT,ROJHAN TEHSIL,2905,405689,211937,193714,38,109.41,139.65,3.59,7.01,208563,3.56
LAYYAH DISTRICT,CHOUBARA TEHSIL,2754,252540,128526,124003,11,103.65,91.7,19.15,6.83,161010,2.39
LAYYAH DISTRICT,KAROR LAL ESAN TEHSIL,1823,594367,298894,295419,54,101.18,326.04,13.35,6.61,368899,2.54
LAYYAH DISTRICT,LAYYAH TEHSIL,1712,977088,497417,479594,77,103.72,570.73,19.8,6.21,591042,2.68
MUZAFFARGARH DISTRICT,ALIPUR TEHSIL,1391,640384,329881,310457,46,106.26,460.38,6.95,6.89,398053,2.53
MUZAFFARGARH DISTRICT,JATOI TEHSIL,1010,715177,366460,348671,46,105.1,708.1,22.29,6.18,446546,2.51
MUZAFFARGARH DISTRICT,KOT ADDU TEHSI,3471,1347501,689962,657460,79,104.94,388.22,18.86,6.5,808438,2.72
MUZAFFARGARH DISTRICT,MUZAFFARGARH TEHSIL,2377,1625487,836782,788557,148,106.12,683.84,14.79,6.44,982866,2.68
MULTAN DISTRICT,JALALPUR PIRWALA TEHSIL,978,554971,281167,273759,45,102.71,567.46,12.15,6.13,364716,2.23
MULTAN DISTRICT,MULTAN CITY TEHSIL,304,2259115,1161032,1097834,249,105.76,7431.3,80.87,6.14,1381478,2.62
MULTAN DISTRICT,MULTAN SADDAR TEHSIL,1632,1323076,684064,638807,205,107.08,810.71,6.38,6.15,950034,1.76
MULTAN DISTRICT,SHUJABAD TEHSIL,806,609004,308932,300008,64,102.97,755.59,13.15,6.32,420623,1.96
KHANEWAL DISTRICT,JAHANIAN TEHSIL,549,343425,172917,170487,21,101.43,625.55,12.71,6.47,249574,1.69
KHANEWAL DISTRICT,KABIRWALA TEHSIL,1804,958596,489255,469256,85,104.26,531.37,15.61,6.31,663878,1.95
KHANEWAL DISTRICT,KHANEWAL TEHSIL,784,856257,436109,420039,109,103.83,1092.16,31.66,6.01,607012,1.82
KHANEWAL DISTRICT,MIAN CHANNU TEHSIL,1212,761955,384387,377490,78,101.83,628.68,16.02,6.24,548026,1.75
LODHRAN DISTRICT,DUNYAPUR TEHSIL,889,495217,249231,245944,42,101.34,557.05,8.390000000000001,6.36,350202,1.84
LODHRAN DISTRICT,KAHROR PACCA TEHSIL,778,500963,255569,245353,41,104.16,643.91,21.22,6.2,361532,1.73
LODHRAN DISTRICT,LODHRAN TEHSIL,1111,703513,356594,346859,60,102.81,633.23,16.74,6.65,460066,2.26
VEHARI DISTRICT,BUREWALA TEHSIL,1295,1019659,513857,505690,112,101.62,787.38,22.76,6.27,730583,1.77
VEHARI DISTRICT,MAILSI TEHSIL,1639,953610,479049,474465,96,100.97,581.8200000000001,13.47,6.26,704878,1.6
VEHARI DISTRICT,VEHARI TEHSIL,1430,928812,470890,457834,88,102.85,649.52,15.68,6.31,654955,1.85
JACOBABAD DISTRICT,GARHI KHAIRO TALUKA,733,159019,80575,78429,15,102.74,216.94,7.94,5.57,117207,1.62
JACOBABAD DISTRICT,JACOBABAD TALUKA,664,382578,195672,186818,88,104.74,576.17,49.95,5.83,267998,1.89
JACOBABAD DISTRICT,THUL TALUKA,1301,465412,238539,226814,59,105.17,357.73,20.09,5.48,341985,1.63
KASHMORE DISTRICT,KANDHKOT TALUKA,654,366111,190070,175998,43,108,559.8,37.19,5.51,217447,2.77
KASHMORE DISTRICT,KASHMORE TALUKA,1262,434966,224662,210254,50,106.85,344.66,20.92,6.14,268899,2.56
KASHMORE DISTRICT,TANGWANI TALUKA,664,289259,149931,139306,22,107.63,435.63,9.16,5.87,190774,2.21
KAMBAR SHAHDAD KOT DISTRICT,KAMBAR ALI KHAN TALUKA,2260,393374,200678,192634,62,104.18,174.06,25.67,6.23,268934,2.02
KAMBAR SHAHDAD KOT DISTRICT,MIRO KHAN TALUKA,374,157934,80579,77334,21,104.2,422.28,26.79,5.94,98782,2.5
KAMBAR SHAHDAD KOT DISTRICT,NASIRABAD TALUKA,309,151410,76934,74456,20,103.33,490,24.98,6.02,113779,1.51
KAMBAR SHAHDAD KOT DISTRICT,QUBO SAEED KHAN TALUKA,1033,85767,43613,42146,8,103.48,83.03,32.21,5.97,63706,1.57
KAMBAR SHAHDAD KOT DISTRICT,SHAHDAD KOT TALUKA,419,202564,102533,100003,28,102.53,483.45,58.71,6.09,126619,2.5
KAMBAR SHAHDAD KOT DISTRICT,SUJAWAL JUNEJO TALUKA,385,117467,59729,57723,15,103.48,305.11,0,6.28,83026,1.84
KAMBAR SHAHDAD KOT DISTRICT,WARAH TALUKA,695,229519,116501,112994,24,103.1,330.24,30.13,5.72,169448,1.61
LARKANA DISTRICT,BAKRANI TALUKA,425,229200,116711,112460,29,103.78,539.29,14.05,5.68,171813,1.53
LARKANA DISTRICT,DOKRI TALUKA,412,224959,114666,110275,18,103.98,546.02,27.65,5.83,169033,1.51
LARKANA DISTRICT,LARKANA TALUKA,549,735210,375609,359391,210,104.51,1339.18,66.38,5.77,434553,2.8
LARKANA DISTRICT,RATODERO TALUKA,562,332417,168948,163404,65,103.39,591.49,35.04,5.85,226209,2.04
SHIKARPUR DISTRICT,GARHI YASIN TALUKA,971,316573,162353,154198,22,105.29,326.03,11.35,5.96,227966,1.74
SHIKARPUR DISTRICT,KHANPUR TALUKA,629,276140,144583,131540,17,109.92,439.01,9.02,6.29,191681,1.94
SHIKARPUR DISTRICT,LAKHI TALUKA,351,248756,127183,121567,6,104.62,708.71,19.07,5.77,188298,1.47
SHIKARPUR DISTRICT,SHIKARPUR TALUKA,561,392291,201439,190825,27,105.56,699.27,50,5.82,272493,1.93
GHOTKI DISTRICT,DAHARKI TALUKA,2088,310709,161079,149604,26,107.67,148.81,27.77,5.75,178154,2.97
GHOTKI DISTRICT,GHOTKI TALUKA,763,507087,260772,246236,79,105.9,664.6,24.52,5.52,298634,2.82
GHOTKI DISTRICT,KHANGARH TALUKA,1986,149667,76994,72662,11,105.96,75.36,20.33,5.4,86173,2.94
GHOTKI DISTRICT,MIRPUR MATHELO TALUKA,593,327821,168477,159320,24,105.75,552.8200000000001,22.96,5.27,198420,2.67
GHOTKI DISTRICT,UBAURO TALUKA,653,353424,182950,170449,25,107.33,541.23,12.59,5.83,207416,2.84
KHAIRPUR DISTRICT,FAIZ GANJ TALUKA,946,224088,114999,109086,3,105.42,236.88,19.34,5.18,146436,2.26
KHAIRPUR DISTRICT,GAMBAT TALUKA,582,263218,135633,127577,8,106.31,452.26,35.67,6.11,173252,2.22
KHAIRPUR DISTRICT,KHAIRPUR TALUKA,585,440412,227622,212736,54,107,752.84,52.64,5.64,275255,2.5
KHAIRPUR DISTRICT,KINGRI TALUKA,531,340297,174559,165729,9,105.33,640.86,27.97,6.03,228630,2.11
KHAIRPUR DISTRICT,KOT DIJI TALUKA,520,348582,179985,168588,9,106.76,670.35,24.57,5.9,227968,2.26
KHAIRPUR DISTRICT,MIRWAH TALUKA,631,352764,181338,171417,9,105.79,559.0599999999999,26.61,5.95,226373,2.36
KHAIRPUR DISTRICT,NARA TALUKA,11611,160643,84529,76112,2,111.06,13.84,24.04,5.63,92387,2.95
KHAIRPUR DISTRICT,SOBHO DERO TALUKA,504,275186,141589,133581,16,105.99,546,34.38,6.15,177450,2.33
SUKKUR DISTRICT,NEW SUKKUR TALUKA,109,320223,165509,154673,41,107.01,2937.83,86.37,5.79,159475,3.73
SUKKUR DISTRICT,PANO AQIL TALUKA,1042,436372,231357,204973,42,112.87,418.78,22.94,5.77,268201,2.59
SUKKUR DISTRICT,ROHRI TALUKA,807,370582,192598,177950,34,108.23,459.21,23.14,5.6,223990,2.68
SUKKUR DISTRICT,SALEHPAT TALUKA,2957,129736,67952,61775,9,110,43.87,20.75,5.33,64646,3.73
SUKKUR DISTRICT,SUKKUR CITY TALUKA,250,231459,118916,112511,32,105.69,925.84,100,5.46,215075,.39
BADIN DISTRICT,BADIN TALUKA,1816,454576,234513,220003,60,106.6,250.32,28.95,4.93,289259,2.4
BADIN DISTRICT,GOLARCHI (S.F.RAHU) TALUKA,1642,334440,172921,161490,29,107.08,203.68,15.95,5.24,182691,3.23
BADIN DISTRICT,MATLI TALUKA,1143,444700,228721,215928,51,105.92,389.06,22.1,5.13,283273,2.4
BADIN DISTRICT,TALHAR TALUKA,569,172014,88396,83602,16,105.73,302.31,28.3,4.82,107902,2.48
BADIN DISTRICT,TANDO BAGO TALUKA,1688,399228,206626,192566,36,107.3,236.51,14.63,4.81,243147,2.64
DADU DISTRICT,DADU TALUKA,846,461665,237753,223879,33,106.2,545.7,39.55,5.39,327972,1.81
DADU DISTRICT,JOHI TALUKA,3509,294389,151144,143194,51,105.55,83.90000000000001,9.859999999999999,5.1,207383,1.86
DADU DISTRICT,KHAIRPUR NATHAN SHAH TALUKA,2583,334477,171465,162952,60,105.22,129.49,21.65,5.4,253309,1.47
DADU DISTRICT,MEHAR TALUKA,928,459859,235338,224455,66,104.85,495.54,21.61,5.55,318053,1.96
HYDERABAD DISTRICT,HYDERABAD CITY TALUKA,43,725153,377362,347701,90,108.53,16864.02,100,5.03,525299,1.71
HYDERABAD DISTRICT,HYDERABAD TALUKA,711,466306,241889,224369,48,107.81,655.85,19.92,5.11,290432,2.52
HYDERABAD DISTRICT,LATIFABAD TALUKA,204,703690,365533,338011,146,108.14,3449.46,100,,563761,1.17
HYDERABAD DISTRICT,QASIMABAD TALUKA,35,304779,160432,144326,21,111.16,8707.969999999999,100,,115374,5.24
JAMSHORO DISTRICT,KOTRI TALUKA,1051,438063,231542,206443,78,112.16,416.81,66.69,5.66,207574,4
JAMSHORO DISTRICT,MANJHAND TALUKA,2303,140766,73297,67464,5,108.65,61.12,15.06,5.21,100105,1.81
JAMSHORO DISTRICT,SEHWAN TALUKA,2160,269817,139565,130214,38,107.18,124.92,38.67,5.01,170589,2.44
JAMSHORO DISTRICT,THANO BULA KHAN TALUKA,5690,145262,78665,66581,16,118.15,25.53,10.29,5.45,103826,1.78
MATIARI DISTRICT,HALA TALUKA,488,262639,135494,127127,18,106.58,538.1900000000001,45.11,5.77,161981,2.57
MATIARI DISTRICT,MATIARI TALUKA,568,341110,175985,165080,45,106.61,600.55,12.65,5.14,218065,2.38
MATIARI DISTRICT,SAEEDABAD TALUKA,361,166291,85443,80834,14,105.7,460.64,12.65,5.16,114198,1.99
SUJAWAL DISTRICT,JATI TALUKA,3489,201868,104853,96989,26,108.11,57.86,6.02,5.07,123957,2.6
SUJAWAL DISTRICT,KHARO CHAN TALUKA,778,10235,5371,4864,,110.42,13.16,,4.79,9956,.15
SUJAWAL DISTRICT,MIRPUR BATHORO TALUKA,698,210820,109519,101269,32,108.15,302.03,9.630000000000001,5.1,151915,1.74
SUJAWAL DISTRICT,SHAH BUNDER TALUKA,3074,159748,83266,76457,25,108.91,51.97,11.1,5.12,100575,2.46
SUJAWAL DISTRICT,SUJAWAL TALUKA,746,196391,101801,94563,27,107.65,263.26,17.98,5.01,127299,2.3
TANDO ALLAHYAR DISTRICT,CHAMBER TALUKA,483,210202,108090,102092,20,105.88,435.2,17.21,5,125558,2.74
TANDO ALLAHYAR DISTRICT,JHANDO MARI TALUKA,626,241170,124378,116760,32,106.52,385.26,7.46,4.95,141913,2.83
TANDO ALLAHYAR DISTRICT,TANDO ALLAHYAR TALUKA,445,387155,200229,186857,69,107.16,870.01,55.25,5.11,226055,2.87
TANDO MUHAMMAD KHAN DISTRIC,BULRI SHAH KARIM TALUKA,770,237011,122078,114909,24,106.24,307.81,2.69,5.12,157683,2.16
TANDO MUHAMMAD KHAN DISTRIC,TANDO GHULAM HYDER TALUKA,390,184683,95079,89585,19,106.13,473.55,18.3,5.31,114751,2.53
TANDO MUHAMMAD KHAN DISTRIC,TANDO MUHAMMAD KHAN TALUKA,263,255404,131965,123394,45,106.95,971.12,39.89,5.01,166190,2.28
THATTA DISTRICT,GHORABARI TALUKA,1018,174046,90524,83514,8,108.39,170.97,13.33,5.27,105482,2.67
THATTA DISTRICT,KETI BUNDER TALUKA,771,59699,31267,28431,1,109.98,77.43000000000001,7.15,5.1,41410,1.94
THATTA DISTRICT,MIRPUR SAKRO TALUKA,2958,341689,177648,164028,13,108.3,115.51,13.79,5.31,198852,2.88
THATTA DISTRICT,THATTA TALUKA,3823,406704,210704,195985,15,107.51,106.38,25.05,5.46,253748,2.51
KARACHI CENTRAL DISTRICT,GULBERG SUB-DIVISION,14,496094,257941,238090,63,108.34,35435.29,100,5.12,424620,.82
KARACHI CENTRAL DISTRICT,LIAQUATABAD SUB-DIVISION,6,449098,233469,215513,116,108.33,74849.67,100,5.28,379058,.89
KARACHI CENTRAL DISTRICT,NAZIMABAD SUB-DIVISION,8,446347,233024,213259,64,109.27,55793.38,100,5.43,363193,1.09
KARACHI CENTRAL DISTRICT,NEW KARACHI SUB-DIVISION,18,871245,452843,418282,120,108.26,48402.5,100,5.81,582866,2.13
KARACHI CENTRAL DISTRICT,NORTH NAZIMABAD SUB-DIVISION,23,708598,364751,343716,131,106.12,30808.61,100,5.53,528194,1.56
KARACHI EAST DISTRICT,FEROZABAD SUB-DIVISION,20,761631,401237,360249,145,111.38,38081.55,100,5.33,558702,1.64
KARACHI EAST DISTRICT,GULSHAN-E-IQBAL SUB-DIVISION,29,841800,433347,408298,155,106.13,29027.59,100,5.33,440447,3.46
KARACHI EAST DISTRICT,GULZAR-E-HIJRI SUB-DIVISION,79,792451,421544,370756,151,113.7,10031.03,100,6.56,122852,10.29
KARACHI EAST DISTRICT,JAMSHED QUARTERS SUB-DIVISION,11,479433,250660,228699,74,109.6,43584.82,100,5.42,388385,1.11
KARACHI SOUTH DISTRICT,ARAM BAGH SUB-DIVISION,4,128313,69314,58990,9,117.5,32078.25,100,4.99,131880,-.14
KARACHI SOUTH DISTRICT,CIVIL LINES SUB-DIVISION,73,473119,255640,217438,41,117.57,6481.08,100,5.24,282580,2.74
KARACHI SOUTH DISTRICT,GARDEN SUB-DIVISION,4,363967,188988,174945,34,108.03,90991.75,100,5.32,325716,.59
KARACHI SOUTH DISTRICT,LYARI SUB-DIVISION,6,661926,341179,320658,89,106.4,110321,100,5.81,594966,.5600000000000001
KARACHI SOUTH DISTRICT,SADDAR SUB-DIVISION,35,141905,75570,66318,17,113.95,4054.43,100,5.21,133437,.32
KARACHI WEST DISTRICT,BALDIA SUB-DIVISION,34,832583,434973,397480,130,109.43,24487.74,100,6.4,406264,3.84
KARACHI WEST DISTRICT,HARBOUR SUB-DIVISION,50,401115,214204,186863,48,114.63,8022.3,100,5.95,223450,3.12
KARACHI WEST DISTRICT,MANGHOPIR SUB-DIVISION,342,711236,371945,339251,40,109.64,2079.64,77.38,6.25,118267,9.880000000000001
KARACHI WEST DISTRICT,MAURIPUR SUB-DIVISION,450,192565,102172,90377,16,113.05,427.92,36.67,6.04,85980,4.33
KARACHI WEST DISTRICT,MOMINABAD SUB-DIVISION,19,845797,438296,407422,79,107.58,44515.63,100,5.78,596593,1.85
KARACHI WEST DISTRICT,ORANGI SUB-DIVISION,9,520195,271646,248524,25,109.3,57799.44,100,6.29,337186,2.3
KARACHI WEST DISTRICT,SITE SUB-DIVISION,25,403574,222883,180663,28,123.37,16142.96,100,6.23,321769,1.2
KORANGI DISTRICT,KORANGI SUB-DIVISION,59,1126141,594709,531253,179,111.94,19087.14,100,6.05,549159,3.84
KORANGI DISTRICT,LANDHI SUB-DIVISION,19,546196,283476,262645,75,107.93,28747.16,100,5.86,409451,1.53
KORANGI DISTRICT,MODEL COLONY SUB-DIVISION,9,384389,197401,186906,82,105.62,42709.89,100,5.4,252271,2.24
KORANGI DISTRICT,SHAH FAISAL SUB-DIVISION,21,520830,271575,249095,160,109.02,24801.43,100,5.52,348234,2.14
MALIR DISTRICT,AIRPORT SUB-DIVISION,41,195143,104861,90264,18,116.17,4759.59,100,5.84,88027,4.27
MALIR DISTRICT,BIN QASIM SUB-DIVISION,447,248098,132391,115668,39,114.46,555.03,,5.92,108045,4.46
MALIR DISTRICT,GADAP SUB-DIVISION,1104,64153,34756,29396,1,118.23,58.11,,4.58,39642,2.56
MALIR DISTRICT,IBRAHIM HYDRI SUB-DIVISION,97,1055780,567005,488697,78,116.02,10884.33,63.46,6.32,483770,4.19
MALIR DISTRICT,MURAD MEMON SUB-DIVISION,195,331326,174153,157157,16,110.81,1699.11,60.84,5.14,214900,2.3
MALIR DISTRICT,SHAH MUREED SUB-DIVISION,276,29846,15699,14147,,110.97,108.14,,4.49,16414,3.19
MIRPUR KHAS DISTRICT,DIGRI TALUKA,572,214017,110314,103679,24,106.4,374.16,34.44,5.37,147272,1.98
MIRPUR KHAS DISTRICT,HUSSAIN BUX MARI TALUKA,209,150226,77693,72506,27,107.15,718.78,0,5.21,83219,3.15
MIRPUR KHAS DISTRICT,JHUDO TALUKA,363,201850,104502,97330,18,107.37,556.0599999999999,29.42,5.15,146013,1.72
MIRPUR KHAS DISTRICT,KOT GHULAM MUHAMMAD TALUKA,762,273132,140746,132327,59,106.36,358.44,10.63,5.13,179008,2.24
MIRPUR KHAS DISTRICT,MIRPUR KHAS TALUKA,24,260288,133555,126692,41,105.42,10845.33,89.95,5.68,201406,1.36
MIRPUR KHAS DISTRICT,SHUJAABAD TALUKA,396,168733,87105,81601,27,106.75,426.09,12.45,5.14,98783,2.85
MIRPUR KHAS DISTRICT,SINDHRI TALUKA,599,236194,122231,113936,27,107.28,394.31,7.11,5.06,150628,2.39
THARPARKAR DISTRICT,CHACHRO TALUKA,3386,350807,193239,157551,17,122.65,103.61,6.65,6.4,167235,3.97
THARPARKAR DISTRICT,DAHLI TALUKA,2126,305529,169541,135975,13,124.69,143.71,2.45,7.17,165289,3.28
THARPARKAR DISTRICT,DIPLO TALUKA,2872,148871,77730,71116,25,109.3,51.84,8.83,4.54,92047,2.56
THARPARKAR DISTRICT,ISLAMKOT TALUKA,3515,244439,128138,116273,28,110.2,69.54000000000001,7.57,4.88,137826,3.06
THARPARKAR DISTRICT,KALOI TALUKA,922,117609,60614,56975,20,106.39,127.56,,4.69,73651,2.49
THARPARKAR DISTRICT,MITHI TALUKA,2954,219901,115084,104787,30,109.83,74.44,26.5,4.84,125137,3.01
THARPARKAR DISTRICT,NAGAR PARKAR TALUKA,3862,259880,136672,123185,23,110.95,67.29000000000001,4.54,5.03,153106,2.82
UMER KOT DISTRICT,KUNRI TALUKA,585,218460,112266,106166,28,105.75,373.44,17.94,5.06,158215,1.71
UMER KOT DISTRICT,PITHORO TALUKA,855,120005,61909,58088,8,106.58,140.36,10.81,5.08,81182,2.07
UMER KOT DISTRICT,SAMARO TALUKA,959,170216,87520,82650,46,105.89,177.49,5.43,4.96,112647,2.19
UMER KOT DISTRICT,UMER KOT TALUKA,3209,564788,294775,269937,76,109.2,176,32.25,5.02,312753,3.15
SANGHAR DISTRICT,JAM NAWAZ ALI TALUKA,440,153193,79179,74000,14,107,348.17,17.76,5.43,90091,2.83
SANGHAR DISTRICT,KHIPRO TALUKA,5933,332833,173383,159417,33,108.76,56.1,15.32,5.19,225089,2.08
SANGHAR DISTRICT,SANGHAR TALUKA,2118,432792,224172,208586,34,107.47,204.34,21.6,5.48,264882,2.61
SANGHAR DISTRICT,SHAHDADPUR TALUKA,890,457028,235007,221958,63,105.88,513.51,41.81,5.51,309727,2.06
SANGHAR DISTRICT,SINJHORO TALUKA,907,317004,163186,153769,49,106.12,349.51,17.96,5.54,199474,2.46
SANGHAR DISTRICT,TANDO ADAM TALUKA,440,357023,184124,172848,51,106.52,811.42,42.58,5.63,230618,2.32
NAUSHAHRO FEROZE DISTRICT,BHIRIA TALUKA,488,301544,155387,146134,23,106.33,617.92,20.59,5.78,204120,2.07
NAUSHAHRO FEROZE DISTRICT,KANDIARO TALUKA,771,322376,165207,157135,34,105.14,418.13,12.06,6.11,222529,1.97
NAUSHAHRO FEROZE DISTRICT,MEHRABPUR TALUKA,361,246649,127008,119616,25,106.18,683.24,31.21,5.86,155345,2.46
NAUSHAHRO FEROZE DISTRICT,MORO TALUKA,609,368579,191335,177185,59,107.99,605.22,25.9,5.49,265251,1.74
NAUSHAHRO FEROZE DISTRICT,NAUSHAHRO FEROZE TALUKA,717,372899,192455,180376,68,106.7,520.08,28.38,5.81,240326,2.33
SHAHEED BENAZIRABAD DISTRICT,DAUR TALUKA,2210,477993,247101,230853,39,107.04,216.29,19.53,5.53,304625,2.39
SHAHEED BENAZIRABAD DISTRICT,KAZI AHMED TALUKA,972,348944,181060,167843,41,107.87,359,14.7,5.28,246797,1.84
SHAHEED BENAZIRABAD DISTRICT,NAWABSHAH TALUKA,435,413402,213314,200022,66,106.65,950.35,67.56999999999999,5.58,281302,2.04
SHAHEED BENAZIRABAD DISTRICT,SAKRAND TALUKA,885,373167,191760,181371,36,105.73,421.66,17.64,5.1,269860,1.72
AWARAN DISTRICT,AWARAN TEHSIL,13075,30345,15320,15024,1,101.97,2.32,71.70999999999999,7.06,27156,.59
AWARAN DISTRICT,GISHKORE SUB-TEHSIL,4578,18390,9683,8704,3,111.25,4.02,,5.07,22430,-1.04
AWARAN DISTRICT,JHAL JAO SUB-TEHSIL,9439,40010,20949,19056,5,109.93,4.24,,6.81,34214,.83
AWARAN DISTRICT,MASHKAI TEHSIL,2418,33076,17111,15965,,107.18,13.68,37.72,7.17,34373,-.2
KALAT DISTRICT,GAZG SUB-TEHSIL,1390,5721,3112,2609,0,119.28,4.12,0,6.02,3979,1.93
KALAT DISTRICT,JOHAN SUB-TEHSIL,1328,10708,5625,5083,0,110.66,8.06,0,6.8,12299,-.73
KALAT DISTRICT,KALAT TEHSIL,3788,129094,66465,62629,0,106.12,34.08,28.5,6.72,86565,2.12
KALAT DISTRICT,MANGOCHAR TEHSIL,1148,65678,34177,31500,1,108.5,57.21,0,7.7,41590,2.43
KALAT DISTRICT,SURAB TEHSIL,762,200857,102427,98430,0,104.06,263.59,17.72,7.84,93401,4.1
KHARAN DISTRICT,KHARAN TEHSIL,5072,80703,42192,38511,,109.56,15.91,63.68,7.24,43772,3.27
KHARAN DISTRICT,SAR KHARAN TEHSIL,3539,49393,25438,23955,,106.19,13.96,,5.86,29768,2.7
KHARAN DISTRICT,SUB TEHSIL TOHMULK,6347,32670,17001,15669,,108.5,5.15,,6.22,23360,1.78
KHUZDAR DISTRICT,ARANJI SUB-TEHSIL,7456,42318,22656,19658,4,115.25,5.68,0,6,28561,2.09
KHUZDAR DISTRICT,KARAKH SUB-TEHSIL,1352,31016,16082,14933,1,107.69,22.94,0,5.78,21984,1.82
KHUZDAR DISTRICT,KHUZDAR TEHSIL,6112,299464,155682,143762,20,108.29,49,60.92,6.68,161845,3.29
KHUZDAR DISTRICT,MOOLA SUB-TEHSIL,3283,23386,12027,11350,9,105.96,7.12,0,6.1,13143,3.07
KHUZDAR DISTRICT,NAL SUB-TEHSIL,4413,130897,68737,62148,12,110.6,29.66,25.46,6.66,59314,4.25
KHUZDAR DISTRICT,ORNACH SUB-TEHSIl,3368,37588,20191,17395,2,116.07,11.16,0,5.7,20907,3.13
KHUZDAR DISTRICT,SAROONA SUB-TEHSIL,3257,32125,17427,14696,2,118.58,9.859999999999999,0,5.23,20580,2.37
KHUZDAR DISTRICT,WADH TEHSIL,2118,100115,52281,47817,17,109.34,47.27,22.18,6.11,52333,3.47
KHUZDAR DISTRICT,ZEHRI TEHSIL,4021,101987,54268,47709,10,113.75,25.36,37.05,9.06,38799,5.21
LASBELA DISTRICT,BELA TEHSIL,1527,104727,54696,50027,4,109.33,68.58,23.49,5.57,68341,2.27
LASBELA DISTRICT,DUREJI TEHSIL,2813,45541,23851,21689,1,109.97,16.19,28.23,5.21,31504,1.95
LASBELA DISTRICT,GADDANI TEHSIL,419,24593,12791,11802,,108.38,58.69,31.22,5.8,18957,1.38
LASBELA DISTRICT,HUB TEHSIL,868,205487,107703,97782,2,110.15,236.74,86.54000000000001,7.66,80934,5.02
LASBELA DISTRICT,KANRAJ TEHSIL,1190,12389,6871,5518,,124.52,10.41,,4.16,8116,2.25
LASBELA DISTRICT,LAKHRA TEHSIL,1954,35495,18094,17400,1,103.99,18.17,,6.06,25474,1.76
LASBELA DISTRICT,LIARI TEHSIL,2010,11730,5990,5740,,104.36,5.84,,4.74,7846,2.14
LASBELA DISTRICT,SONMIANI/WINDER TEHSIL,2616,64019,33220,30797,2,107.87,24.47,46.1,6.11,31799,3.74
LASBELA DISTRICT,UTHAL TEHSIL,1756,72290,37988,34301,1,110.75,41.17,40.7,5.88,39724,3.2
MASTUNG DISTRICT,DASHT TEHSIL,1047,64765,34040,30722,3,110.8,61.86,0,6.34,24570,5.22
MASTUNG DISTRICT,KHAD KOCHA SUB-TEHSIL,640,38860,20265,18595,,108.98,60.72,,6.54,19262,3.76
MASTUNG DISTRICT,KIRDGAP SUB-TEHSIL,929,28624,14682,13942,,105.31,30.81,,6.4,24214,.88
MASTUNG DISTRICT,MASTUNG TEHSIL,692,133427,68517,64910,,105.56,192.81,26.23,7.32,81993,2.59
WASHUK DISTRICT,BESIMA SUB-TEHSIL,6014,40266,21513,18753,,114.72,6.7,0,6.66,16740,4.72
WASHUK DISTRICT,MASHKHEL SUB-TEHSIL,11663,38634,20219,18414,1,109.8,3.31,0,4.97,29844,1.37
WASHUK DISTRICT,NAG SUB-TEHSIL,4338,34477,17743,16734,,106.03,7.95,0,5.43,21815,2.43
WASHUK DISTRICT,SHAHGORI SUB-TEHSIL,3584,27548,14332,13216,,108.44,7.69,0,5.19,19641,1.79
WASHUK DISTRICT,WASHUK SUB-TEHSIL,7494,34787,18034,16753,,107.65,4.64,62.77,5.89,21969,2.44
GWADAR DISTRICT,GWADAR TEHSIL,2590,137695,74724,62963,8,118.68,53.16,65.51000000000001,6.5,72614,3.42
GWADAR DISTRICT,JIWANI TEHSIL,454,26691,13851,12836,4,107.91,58.79,68.44,5.99,19788,1.58
GWADAR DISTRICT,ORMARA TEHSIL,2796,25634,14151,11483,,123.23,9.17,69.26000000000001,5.34,18848,1.63
GWADAR DISTRICT,PASNI TEHSIL,4822,61347,32559,28783,5,113.12,12.72,56.33,7.04,56902,.4
GWADAR DISTRICT,SUNTSER SUB-TEHSIL,1975,10886,5831,5055,,115.35,5.51,,5.31,17346,-2.42
KECH DISTRICT,BALNIGORE SUB-TEHSIL,1238,44595,23222,21373,,108.65,36.02,,6.19,19560,4.42
KECH DISTRICT,BULAIDA SUB-TEHSIL,1997,77148,41872,35265,11,118.74,38.63,51.65,7.13,35251,4.2
KECH DISTRICT,DASHT SUB-TEHSIL,2486,76470,41008,35459,3,115.65,30.76,,6.86,39061,3.59
KECH DISTRICT,HOSHAB SUB-TEHSIL,2213,52947,30389,22549,9,134.77,23.93,,6.55,37819,1.78
KECH DISTRICT,KECH (TURBAT) TEHSIL,9742,416608,228779,187771,58,121.84,42.76,51.33,6.13,157142,5.26
KECH DISTRICT,MAND SUB-TEHSIL,1456,50995,27158,23835,2,113.94,35.02,0,6,35281,1.95
KECH DISTRICT,TUMP SUB-TEHSIL,1945,146008,79412,66580,16,119.27,75.06999999999999,33.11,7.81,51234,5.66
KECH DISTRICT,ZAMORAN SUB-TEHSIL,1462,42411,21038,21370,3,98.45,29.01,,7.7,37856,.6
PANJGUR DISTRICT,GICHK SUB-TEHSIL,8387,16646,8967,7676,3,116.82,1.98,,8.369999999999999,22568,-1.59
PANJGUR DISTRICT,GOWARGO TEHSIL,1471,16329,8424,7905,,106.57,11.1,,5.7,24377,-2.08
PANJGUR DISTRICT,PANJGUR TEHSIL,3655,259163,136327,122820,16,111,70.91,31.03,7.39,168268,2.29
PANJGUR DISTRICT,PAROME TEHSIL,3378,23215,12661,10551,3,120,6.87,,8.49,18838,1.1
JAFFARABAD DISTRICT,GANDHAKA TEHSIL,554,74881,38209,36650,22,104.25,135.16,,5.93,52767,1.86
JAFFARABAD DISTRICT,JHAT PAT TEHSIL,690,253107,130000,123077,30,105.62,366.82,31.99,6.48,131060,3.52
JAFFARABAD DISTRICT,USTA MUHAMMAD TEHSIL,399,185984,94663,91320,1,103.66,466.13,41.27,6.67,107463,2.92
JHAL MAGSI DISTRICT,GANDAWA TEHSIL,1344,51180,26282,24897,1,105.56,38.08,15.27,6.08,34791,2.05
JHAL MAGSI DISTRICT,JHAL MAGSI TEHSIL,1679,88279,45604,42675,,106.86,52.58,,5.86,63588,1.74
JHAL MAGSI DISTRICT,MIRPUR SUB-TEHSIL,592,9441,4840,4601,,105.19,15.95,,6.21,11562,-1.06
KACHHI DISTRICT,BALANARI SUB-TEHSIL,402,43341,22595,20746,0,108.91,107.81,0,6.13,39597,.48
KACHHI DISTRICT,BHAG TEHSIL,1308,73459,38269,35183,7,108.77,56.16,22.6,6.56,56023,1.43
KACHHI DISTRICT,DHADAR TEHSIL,976,42389,22083,20306,0,108.75,43.43,35.95,7.37,45481,-.37
KACHHI DISTRICT,KHATTAN SUB-TEHSIL,277,14213,7411,6802,0,108.95,51.31,0,8.050000000000001,7202,3.64
KACHHI DISTRICT,MACH SUB-TEHSIL,708,39629,21082,18547,0,113.67,55.97,48.3,7.31,30107,1.45
KACHHI DISTRICT,SANNI SUB-TEHSIL,2011,96901,52851,44049,1,119.98,48.19,0,9.4,77070,1.21
NASIRABAD DISTRICT,BABA KOT TEHSIL,967,49480,25844,23636,,109.34,51.17,,6.69,19531,5
NASIRABAD DISTRICT,CHATTAR SUB-TEHSIL,961,76536,39811,36725,,108.4,79.64,,7.91,50446,2.21
NASIRABAD DISTRICT,DERA MURAD JAMALI TEHSIL,776,230775,118203,112572,,105,297.39,41.74,7.33,104107,4.27
NASIRABAD DISTRICT,TAMBOO TEHSIL,683,131056,67706,63349,1,106.88,191.88,,7.2,71810,3.21
SOHBATPUR DISTRICT,FARIDABAD TEHSIL,137,58204,29719,28484,1,104.34,424.85,,6.69,33400,2.96
SOHBATPUR DISTRICT,SANHRI TEHSIL,331,88788,45781,43005,2,106.46,268.24,,6.39,66681,1.52
SOHBATPUR DISTRICT,SOHBATPUR TEHSIL,334,53434,27467,25960,7,105.81,159.98,24.08,6.64,41446,1.34
CHAGAI DISTRICT,CHAGAI SUB-TEHSIL,3975,58256,30396,27859,1,109.11,14.66,,7.18,22511,5.12
CHAGAI DISTRICT,DALBANDIN TEHSIL,15363,127468,65949,61514,5,107.21,8.300000000000001,12.76,6.67,60328,4.01
CHAGAI DISTRICT,NOKUNDI SUB-TEHSIL,16092,22283,11851,10432,,113.6,1.38,,6.42,14029,2.46
CHAGAI DISTRICT,TAFTAN SUB-TEHSIL,9318,18510,10777,7732,1,139.38,1.99,,8.140000000000001,7666,4.74
KILLA ABDULLAH DISTRICT,CHAMAN TEHSIL,1341,434561,229749,204811,1,112.18,324.06,28.35,8.27,151854,5.68
KILLA ABDULLAH DISTRICT,DOBANDI SUB-TEHSIL,1604,61741,33936,27804,1,122.05,38.49,,7.48,31050,3.68
KILLA ABDULLAH DISTRICT,GULISTAN TEHSIL,1536,114984,59793,55190,1,108.34,74.86,,6.98,66883,2.89
KILLA ABDULLAH DISTRICT,KILLA ABDULLAH TEHSIL,413,147068,75821,71246,1,106.42,356.1,17.76,6.4,110937,1.49
NUSHKI DISTRICT,NUSHKI TEHSIL,5797,178947,92571,86373,3,107.18,30.87,25.93,7.88,98030,3.21
PISHIN DISTRICT,BARSHORE SUB-TEHSIL,2474,103423,52620,50802,1,103.58,41.8,0,5.97,95132,.44
PISHIN DISTRICT,HURRAM ZAI SUB-TEHSIL,418,132102,68415,63679,8,107.44,316.03,22.26,5.64,58093,4.41
PISHIN DISTRICT,KAREZAT SUB-TEHSIL,2044,137466,71584,65854,28,108.7,67.25,29.1,6.02,63375,4.15
PISHIN DISTRICT,PISHIN TEHSIL,1199,307610,159214,148376,20,107.3,256.56,11.56,5.78,131261,4.58
PISHIN DISTRICT,SARANAN TEHSIL,83,56302,28782,27516,4,104.6,678.34,67.23,5.56,28867,3.57
QUETTA DISTRICT,PANJ PAI SUB-TEHSIL,1205,19011,9723,9287,1,104.69,15.78,0,8.17,15139,1.2
QUETTA DISTRICT,QUETTA CITY TEHSIL,779,1722746,903729,818823,194,110.37,2211.48,58.01,8.09,638896,5.35
QUETTA DISTRICT,QUETTA SADDAR TEHSIL,1463,527716,277024,250608,84,110.54,360.71,0,7.59,120512,8.07
DERA BUGTI DISTRICT,BAIKER SUB-TEHSIL,258,19497,10583,8914,,118.72,75.56999999999999,,7.18,5305,7.08
DERA BUGTI DISTRICT,DERA BUGTI TEHSIL,927,48415,25422,22993,,110.56,52.23,57.06,6.54,32403,2.13
DERA BUGTI DISTRICT,LOTI TEHSIL,803,18058,9963,8095,,123.08,22.49,,6.98,8491,4.04
DERA BUGTI DISTRICT,MALAM SUB-TEHSIL,957,27265,13216,14049,,94.06999999999999,28.49,,7.25,19504,1.78
DERA BUGTI DISTRICT,PHELAWAGH TEHSIL,205,28054,13931,14123,,98.64,136.85,,7.16,11760,4.67
DERA BUGTI DISTRICT,PIR KOH SUB-TEHSIL,1619,40629,21937,18692,,117.36,25.1,,5.74,27448,2.08
DERA BUGTI DISTRICT,SANGSILLAH SUB-TEHSIL,1533,10217,5435,4781,1,113.68,6.66,,6.69,13700,-1.53
DERA BUGTI DISTRICT,SUI TEHSIL,3858,120975,64569,56406,,114.47,31.36,60.13,6.69,62699,3.51
HARNAI DISTRICT,HARNAI TEHSIL,259,64056,33704,30336,16,111.1,247.32,20.77,5.7,51482,1.15
HARNAI DISTRICT,KHOAST SUB-TEHSIL,1619,12279,6407,5872,,109.11,7.58,,5.78,9908,1.13
HARNAI DISTRICT,SHAHRIG TEHSIL,614,20717,11853,8861,3,133.77,33.74,54.35,5.22,15262,1.62
KOHLU DISTRICT,GRISANI SUB-TEHSIL,174,17027,9359,7668,,122.05,97.86,,7.72,4057,7.83
KOHLU DISTRICT,KAHAN TEHSIL,3754,73833,36485,37348,,97.69,19.67,,11.06,26765,5.48
KOHLU DISTRICT,KOHLU TEHSIL,231,45152,23624,21528,,109.74,195.46,38.63,6.57,26702,2.8
KOHLU DISTRICT,MAWAND TEHSIL,2915,41516,22480,19036,,118.09,14.24,,6.37,24056,2.91
KOHLU DISTRICT,TAMBOO TEHSIL,536,36405,20176,16229,,124.32,67.92,,8.17,18266,3.69
SIBI DISTRICT,KOT MANDAI SUB-TEHSIL,1977,7583,4032,3551,0,113.55,3.84,0,6.02,8057,-.32
SIBI DISTRICT,LEHRI TEHSIL,1817,44490,23211,21278,1,109.08,24.49,0,5.91,32576,1.65
SIBI DISTRICT,SANGAN SUB-TEHSIL,1378,2665,1441,1223,1,117.83,1.93,0,8.199999999999999,3024,-.66
SIBI DISTRICT,SIBI TEHSIL,1949,125013,66039,58957,17,112.01,64.14,51.73,6.6,92665,1.59
ZIARAT DISTRICT,SINJAWI SUB-TEHSIL,1812,92497,48070,44413,14,108.23,51.05,,5.88,47408,3.57
ZIARAT DISTRICT,ZIARAT TEHSIL,1489,67598,34091,33499,8,101.77,45.4,5.02,5.08,33340,3.78
BARKHAN DISTRICT,BARKHAN TEHSIL,3514,171025,89911,81100,14,110.86,48.67,7.13,6.55,103545,2.67
KILLA SAIFULLAH DISTRICT,BADINI SUB-TEHSIL,,15345,8720,6625,,131.62,,,6.89,6583,4.55
KILLA SAIFULLAH DISTRICT,KAN MEHTARZAI SUB-TEHSIL,,33242,17462,15780,,110.66,,,6.13,24168,1.69
KILLA SAIFULLAH DISTRICT,KILLA SAIFULLAH TEHSIL,4386,132346,70181,62160,5,112.9,30.17,26.34,6.68,63472,3.94
KILLA SAIFULLAH DISTRICT,LOIBAND TEHSIL,,27962,14875,13087,,113.66,,,6.68,25791,.43
KILLA SAIFULLAH DISTRICT,MUSLIM BAGH TEHSIL,,78711,41147,37564,,109.54,,36.12,6.21,44870,3
KILLA SAIFULLAH DISTRICT,SHINKI SUB-TEHSIL,2445,55326,29421,25905,,113.57,22.63,,6.15,28669,3.51
LORALAI DISTRICT,DUKI TEHSIL,4233,152977,82018,70955,4,115.59,36.14,6.56,6.85,115976,1.47
LORALAI DISTRICT,LORALAI\BORI TEHSIL,2203,203579,108863,94710,6,114.94,92.41,26.94,7.21,102426,3.67
LORALAI DISTRICT,MEKHTAR SUB-TEHSIL,1582,40867,21621,19240,6,112.38,25.83,,6.62,31745,1.34
MUSAKHEL DISTRICT,DRUG TEHSIL,848,37599,20168,17429,2,115.72,44.34,0,6.32,28638,1.44
MUSAKHEL DISTRICT,KINGRI TEHSIL,3683,31339,16924,14413,2,117.42,8.51,0,7.21,24822,1.23
MUSAKHEL DISTRICT,MUSAKHEL TEHSIL,1197,98305,53641,44656,8,120.12,82.13,14.38,6.85,80596,1.05
SHERANI DISTRICT,SHERANI SUB-DIVISION,4310,152952,84390,68561,1,123.09,35.49,,7.3,81684,3.35
ZHOB DISTRICT,ASHWAT SUB-TEHSIL,901,20768,11575,9193,,125.91,23.05,,8.15,13247,2.39
ZHOB DISTRICT,KASHATOO SUB-TEHSIL,1590,5184,2645,2539,,104.17,3.26,,6.83,5165,.02
ZHOB DISTRICT,QAMAR DIN KAREZ TEHSIL,1286,13831,7486,6345,,117.98,10.76,,5.73,5855,4.62
ZHOB DISTRICT,SAMBAZA SUB-TEHSIL,2888,17465,9848,7617,,129.29,6.05,,7.09,15198,.73
ZHOB DISTRICT,ZHOB TEHSIL,9322,253106,136685,116420,1,117.41,27.15,18.24,6.55,153993,2.64
